name,team,salary
Kyler Murray,ARI,37000000
Maxx Crosby,LV,24500000
Matthew Stafford,LAR,23500000
Tee Higgins,CIN,21816000
T.J. Watt,PIT,21050000
Montez Sweat,CHI,20900000
Chris Godwin,TB,20000000
Quenton Nelson,IND,19000000
Keenan Allen,CHI,18100000
Laremy Tunsil,HOU,18000000
Harold Landry,TEN,17250000
Jeffery Simmons,TEN,16500000
Garett Bolles,DEN,15750000
Jake Matthews,ATL,15500000
Joe Thuney,KC,15500000
Vita Vea,TB,15500000
Grady Jarrett,ATL,15250000
Terry McLaurin,WAS,15150000
Cooper Kupp,LAR,15000000
Daron Payne,WAS,15000000
Tremaine Edmunds,CHI,14900000
Trey Hendrickson,CIN,14800000
Christian Kirk,JAX,14500000
Minkah Fitzpatrick,PIT,14500000
Brian O'Neill,MIN,14400000
Quinnen Williams,NYJ,14400000
Lamar Jackson,BAL,14250000
Budda Baker,ARI,14200000
Jonathan Allen,WAS,14000000
Geno Smith,SEA,12700000
Charvarius Ward,SF,12560000
Kirk Cousins,ATL,12500000
Kolton Miller,LV,12256500
Derwin James,LAC,12041667
Jamel Dean,TB,12000000
Marcus Williams,BAL,12000000
Marlon Humphrey,BAL,11750000
Braden Smith,IND,11683000
Jawaan Taylor,KC,11500000
Ryan Kelly,IND,11375000
Trevon Diggs,DAL,11000000
Joe Burrow,CIN,10714000
D.J. Reed,NYJ,10500000
Kaleb McGary,ATL,10500000
Kenny Clark,GB,10050000
Allen Lazard,NYJ,10000000
Andrew Thomas,NYG,10000000
DeMarcus Lawrence,DAL,10000000
Justin Reid,KC,9990000
Cole Kmet,CHI,9900000
Patrick Mahomes,KC,9850000
D.J. Jones,DEN,9490000
Haason Reddick,NYJ,8708333
Byron Murphy,MIN,8300000
Jalen Thompson,ARI,8300000
James Daniels,PIT,8250000
Dre Greenlaw,SF,8100000
Brandin Cooks,DAL,8000000
Brian Burns,NYG,8000000
Danielle Hunter,HOU,8000000
Joey Bosa,LAC,8000000
Jonah Jackson,LAR,8000000
Jonathan Jones,NE,8000000
Michael Pittman Jr.,IND,8000000
DeMarcus Walker,CHI,7950000
Frank Ragnow,DET,7900000
Jaylon Johnson,CHI,7900000
Isaac Seumalo,PIT,7875000
Jonathan Taylor,IND,7804000
Sam Hubbard,CIN,7800000
B.J. Hill,CIN,7200000
Kevin Dotson,LAR,7000000
Mark Andrews,BAL,7000000
Charles Omenihu,KC,6740000
Jaire Alexander,GB,6650000
Amani Hooker,TEN,6550000
Andrew Wylie,WAS,6500000
Matt Judon,ATL,6500000
Rob Havenstein,LAR,6500000
Kaden Elliss,ATL,6410000
Taylor Moton,CAR,6300000
Robert Woods,HOU,6250000
Trey Pipkins,LAC,6250000
Alex Anzalone,DET,6000000
Alex Cappa,CIN,6000000
Bradley Chubb,MIA,6000000
Dexter Lawrence,NYG,6000000
Justin Herbert,LAC,6000000
T.J. Edwards,CHI,5900000
Gardner Minshew,LV,5840000
Mike Hilton,CIN,5750000
Travis Kelce,KC,5750000
Adam Thielen,CAR,5500000
Donovan Wilson,DAL,5500000
Morgan Moses,NYJ,5500000
Alex Singleton,DEN,5490000
Sheldon Rankins,CIN,5450000
Mo Alie-Cox,IND,5410000
Christian Wilkins,LV,5000000
Dalton Schultz,HOU,5000000
Foyesade Oluokun,JAX,5000000
Jakobi Meyers,LV,5000000
Joseph Noteboom,LAR,5000000
Kyzir White,ARI,5000000
Larry Ogunjobi,PIT,5000000
Talanoa Hufanga,SF,4890000
Alvin Kamara,NO,4710000
Josh Oliver,MIN,4700000
Tyler Lockett,SEA,4660000
Garrett Bradbury,MIN,4650000
Jack Conklin,CLE,4500000
Orlando Brown Jr.,CIN,4500000
Calvin Ridley,TEN,4490000
Grover Stewart,IND,4490000
Jarrett Stidham,DEN,4490000
Samson Ebukam,IND,4425000
Xavier Woods,CAR,4400000
Kevin Byard,CHI,4390000
Patrick Mekari,BAL,4350000
Alaric Jackson,LAR,4346667
L'Jarius Sneed,TEN,4320000
Kenny Moore,IND,4240000
James Conner,ARI,4235000
Matt Milano,BUF,4125000
Bobby Wagner,WAS,4060000
Gerald Everett,CHI,4060000
Austin Corbett,CAR,4050000
Miles Sanders,CAR,4020000
Andre James,LV,4000000
Andy Dalton,CAR,4000000
Anthony Nelson,TB,4000000
Antoine Winfield Jr.,TB,4000000
Deatrich Wise,NE,4000000
Lavonte David,TB,4000000
Nate Herbig,PIT,4000000
Patrick Ricard,BAL,4000000
Ted Karras,CIN,4000000
Younghoe Koo,ATL,4000000
Chidobe Awuzie,TEN,3990000
Jarran Reed,SEA,3960000
Matt Gay,IND,3920000
D'Andre Swift,CHI,3890000
Daniel Carlson,LV,3850000
Jason Sanders,MIA,3775000
Jon Runyan,NYG,3750000
Lorenzo Carter,ATL,3750000
Sean Bunting,ARI,3695000
Jason Myers,SEA,3635000
Darious Williams,LAR,3500000
E.J. Speed,IND,3500000
Elandon Roberts,PIT,3500000
Elgton Jenkins,GB,3500000
Jordan Love,GB,3500000
Logan Wilson,CIN,3500000
Marquise Brown,KC,3500000
Matt Prater,ARI,3500000
Foster Moreau,NO,3420000
Ryan Bates,CHI,3400000
Asante Samuel Jr.,LAC,3366000
Dan Moore,PIT,3366000
Jevon Holland,MIA,3366000
Liam Eichenberg,MIA,3366000
Nate Hobbs,LV,3366000
Paulson Adebo,NO,3366000
Trevon Moehrig,LV,3366000
Trey Smith,KC,3366000
A.J. Terrell,ATL,3344000
Germaine Pratt,CIN,3200000
Jabrill Peppers,NE,3180000
Aaron Rodgers,NYJ,3161112
Jamaal Williams,NO,3150000
Will Hernandez,ARI,3150000
Chris Boswell,PIT,3120000
Andre Cisco,JAX,3116000
Benjamin St-Juste,WAS,3116000
Brandon Stephens,BAL,3116000
Camryn Bynum,MIN,3116000
Darrell Taylor,CHI,3116000
Darrick Forrest,WAS,3116000
Derrick Barnes,DET,3116000
Divine Deablo,LV,3116000
Drew Dalman,ATL,3116000
Elijah Molden,LAC,3116000
Elijah Moore,CLE,3116000
Jason Pinnock,NYG,3116000
John Bates,WAS,3116000
Josh Myers,GB,3116000
Josh Palmer,LAC,3116000
Kylen Granson,IND,3116000
Larry Borom,CHI,3116000
Milton Williams,PHI,3116000
Osa Odighizuwa,DAL,3116000
Rhamondre Stevenson,NE,3116000
Richie Grant,ATL,3116000
Robert Hainsey,TB,3116000
Tedarrell Slaton,GB,3116000
Will Fries,IND,3116000
Cairo Santos,CHI,3100000
Cole Holcomb,PIT,3100000
Khalen Saunders,NO,3100000
Alim McNeill,DET,3091000
Graham Gano,NYG,3085000
Aaron Banks,SF,3066000
A.J. Cole,LV,3017000
Bryan Anger,DAL,3000000
D.J. Moore,CHI,3000000
Damontae Kazee,PIT,3000000
Denico Autry,HOU,3000000
Joe Flacco,IND,3000000
Joe Mixon,HOU,3000000
Justin Jones,ARI,3000000
Ronnie Stanley,BAL,3000000
Tress Way,WAS,3000000
Tyler Higbee,LAR,3000000
Nick Bolton,KC,2991000
Micah Parsons,DAL,2989062
Michael Hoecht,LAR,2985000
Jack Fox,DET,2975000
Drew Lock,NYG,2950000
Rashawn Slater,LAC,2927967
Zaven Collins,ARI,2900000
Zaire Franklin,IND,2880000
Rakeem Nunez-Roches,NYG,2865000
Tommy Tremble,CAR,2839213
Alijah Vera-Tucker,NYJ,2826140
Brady Christensen,CAR,2806915
Tyler Bass,BUF,2800000
Dak Prescott,DAL,2791667
Mac Jones,JAX,2785412
Case Keenum,HOU,2750000
Jeff Okudah,HOU,2750000
Justin Simmons,ATL,2750000
Bilal Nichols,ARI,2700000
Broderick Washington,BAL,2690000
Jourdan Lewis,DAL,2660000
Charles Cross,SEA,2648966
Jared Goff,DET,2611000
Dennis Gardeck,ARI,2610000
Marcus Epps,LV,2585000
A.J. Dillon,GB,2575000
Ashtyn Davis,NYJ,2575000
Malik Harrison,BAL,2575000
Sam Franklin,CAR,2575000
Tershawn Wharton,KC,2575000
Jaelan Phillips,MIA,2571573
Mike Hughes,ATL,2570000
John Franklin-Myers,DEN,2560000
Michael Dickson,SEA,2550000
Kwity Paye,IND,2520659
Darius Slayton,NYG,2500000
Demarcus Robinson,LAR,2500000
Easton Stick,LAC,2500000
Greg Gaines,TB,2500000
J.T. Gray,NO,2500000
John Cominsky,DET,2500000
Jonah Williams,ARI,2500000
M.J. Stewart,HOU,2500000
Morgan Fox,LAC,2500000
Sam Darnold,MIN,2500000
Kenneth Murray,TEN,2490000
Noah Fant,SEA,2490000
Stephon Gilmore,MIN,2480000
Najee Harris,PIT,2439197
Daniel Brunskill,TEN,2420000
Travis Etienne,JAX,2418833
Dawson Knox,BUF,2410000
C.J. Ham,MIN,2400000
Greg Newsome,CLE,2398464
Marcus Mariota,WAS,2390000
Payton Turner,NO,2367919
Ja'whaun Bentley,NE,2360000
Anthony Richardson,IND,2295183
Eric Stokes,GB,2286208
David Montgomery,DET,2270833
Cooper Rush,DAL,2250000
DeForest Buckner,IND,2250000
Devin Singletary,NYG,2250000
Drew Sample,CIN,2250000
Duke Riley,MIA,2250000
Ed Oliver,BUF,2250000
Michael Danna,KC,2250000
Patrick Queen,PIT,2250000
Bradley Pinion,ATL,2245000
Greg Rousseau,BUF,2242936
Odafe Oweh,BAL,2206689
Deommodore Lenoir,SF,2200000
Devon Witherspoon,SEA,2198234
Joe Tryon,TB,2183351
Ashton Dulin,IND,2180000
Dion Dawkins,BUF,2160000
Kamren Curl,LAR,2125000
Chuba Hubbard,CAR,2085500
Andrew Billings,CHI,2060000
Zion Johnson,LAC,2045607
Ka'imi Fairbairn,HOU,2030000
Paris Johnson,ARI,2025112
Aaron Jones,MIN,2000000
Cam Robinson,MIN,2000000
Darnell Mooney,ATL,2000000
Davis Mills,HOU,2000000
Eddy Pineiro,CAR,2000000
Emmanuel Ogbah,MIA,2000000
Evan Engram,JAX,2000000
Hjalte Froholdt,ARI,2000000
Joshua Hines-Allen,JAX,2000000
Kyle Dugger,NE,2000000
Kyle Van Noy,BAL,2000000
Mike Onwenu,NE,2000000
Raekwon Davis,IND,2000000
Tanoh Kpassagnon,NO,2000000
Tyrod Taylor,NYJ,2000000
Tyron Smith,NYJ,2000000
Tremon Smith,DEN,1990000
Jonathon Cooper,DEN,1971000
Quay Walker,GB,1963331
Logan Cooke,JAX,1950000
Kaiir Elam,BUF,1949619
Mack Wilson,ARI,1945000
Kevin Givens,SF,1932500
Tyler Smith,DAL,1922193
Andrew Wingard,JAX,1920000
Zach Pascal,ARI,1920000
Tyler Linderbaum,BAL,1908481
Ernest Jones,SEA,1904221
Jermaine Johnson,NYJ,1894768
Jameson Williams,DET,1892435
Jonathan Greenard,MIN,1890000
Devin Lloyd,JAX,1881055
Devonte Wyatt,GB,1874199
Justin Watson,KC,1870000
Javonte Williams,DEN,1868966
Robert Spillane,LV,1845000
Nick Westbrook,TEN,1832500
Christian Barmore,NE,1822124
Cole Strange,NE,1819179
Coleman Shelton,CHI,1810000
Teven Jenkins,CHI,1803797
JK Scott,LAC,1800000
Willie Gay Jr.,NO,1800000
George Karlaftis,KC,1790043
Andrew Van Ginkel,MIN,1780000
Jordan Davis,PHI,1776298
Levi Onwuzurike,DET,1771212
Demetrius Flannigan-Fowles,SF,1767500
Daxton Hill,CIN,1765638
Brandon Scherff,JAX,1750000
David Andrews,NE,1750000
Jessie Bates III,ATL,1750000
Johnny Hekker,CAR,1750000
Joshua Dobbs,SF,1750000
Malik Hooker,DAL,1750000
Nick Folk,TEN,1750000
Olisaemeka Udoh,NO,1750000
Solomon Thomas,NYJ,1750000
Zack Martin,DAL,1750000
Taven Bryan,IND,1745000
Riley Dixon,DEN,1735000
Nick Mullens,MIN,1722500
Tyquan Lewis,IND,1700000
Reggie Gilliam,BUF,1698000
Taylor Rapp,BUF,1675000
Ben Bredeson,TB,1660000
Ethan Pocic,CLE,1660000
Ogbonnia Okoronkwo,CLE,1660000
Kenyon Green,HOU,1655310
Davon Godchaux,NE,1650000
Hunter Henry,NE,1650000
Kyle Hamilton,BAL,1649736
Jamie Gillan,NYG,1630000
Terence Steele,DAL,1625000
Justin Fields,PIT,1616724
Nico Collins,HOU,1616000
Rondale Moore,ATL,1604215
Jerry Hughes,HOU,1600000
Marcedes Lewis,CHI,1600000
Preston Smith,PIT,1600000
Walker Little,JAX,1599323
Shaquill Griffin,MIN,1590000
Azeez Ojulari,NYG,1583851
Wes Schweitzer,NYJ,1580000
Jahan Dotson,PHI,1573082
Treylon Burks,TEN,1567576
Baron Browning,ARI,1558000
Trevor Penning,NO,1553256
Trent McDuffie,KC,1552044
Logan Hall,TB,1551950
Del'Shawn Phillips,HOU,1550000
Sam Martin,BUF,1550000
Travis Homer,CHI,1550000
Christian Watson,GB,1545094
Lukas Van Ness,GB,1540368
Benito Jones,MIA,1540000
Mack Hollins,BUF,1540000
Roger McCreary,TEN,1538237
Breece Hall,NYJ,1524525
Dillon Radunz,TEN,1522755
Jalen Pitre,HOU,1519040
Jimmie Ward,HOU,1508000
Arnold Ebiketie,ATL,1506699
Dayo Odeyingbo,IND,1502389
Adam Trautman,DEN,1500000
Adoree' Jackson,NYG,1500000
Arik Armstead,JAX,1500000
Azeez Al-Shaair,HOU,1500000
Chase McLaughlin,TB,1500000
Colby Parkinson,LAR,1500000
DJ Chark,LAC,1500000
Derek Barnett,HOU,1500000
Deshon Elliott,PIT,1500000
Eric Kendricks,DAL,1500000
Foley Fatukasi,HOU,1500000
Gabriel Davis,JAX,1500000
Jacoby Brissett,NE,1500000
Jordan Whitehead,TB,1500000
Juan Thornhill,CLE,1500000
Mike Gesicki,CIN,1500000
Mitch Morse,JAX,1500000
Samaje Perine,KC,1500000
Trenton Brown,CIN,1500000
Trevor Lawrence,JAX,1500000
Tyson Campbell,JAX,1500000
Wyatt Teller,CLE,1500000
Kyler Gordon,CHI,1494357
Harrison Smith,MIN,1490000
John Simpson,NYJ,1490000
Jordan Akins,CLE,1490000
Tony Pollard,TEN,1490000
Boye Mafe,SEA,1483386
Kenneth Walker,SEA,1472416
TuTu Atwell,LAR,1465731
Bud Dupree,LAC,1465000
Julian Love,SEA,1465000
Xavier McKinney,GB,1450000
Wan'dale Robinson,NYG,1449106
Penei Sewell,DET,1446000
Evan Brown,ARI,1445000
Justice Hill,BAL,1441176
Jerry Tillery,MIN,1440000
Pharaoh Brown,SEA,1440000
Tyler Boyd,TEN,1440000
John Metchie,HOU,1438652
Christian Gonzalez,NE,1436494
Pete Werner,NO,1435184
David Ojabo,BAL,1424011
Harrison Phillips,MIN,1420833
Arden Key,TEN,1420000
DaVon Hamilton,JAX,1420000
Kyle Trask,TB,1414819
Javon Kinlaw,NYJ,1410000
Josh Paschal,DET,1408241
Braxton Berrios,MIA,1400000
Kalif Raymond,DET,1400000
DeeJay Dallas,ARI,1395000
Lloyd Cushenberry,TEN,1390000
Phidarian Mathis,NYJ,1387398
Harrison Bryant,LV,1378000
Chauncey Gardner-Johnson,PHI,1375000
Denzel Perryman,LAC,1375000
Saquon Barkley,PHI,1375000
Sebastian Joseph,TEN,1375000
Jaquan Brisker,CHI,1373685
Joseph Ossai,CIN,1368084
Deonte Banks,NYG,1367245
Amon-Ra St. Brown,DET,1366000
Michael Carter II,NYJ,1366000
Dalton Kincaid,BUF,1360319
Alontae Taylor,NO,1359973
Mazi Smith,DAL,1353395
Cedrick Wilson,NO,1350000
Cesar Ruiz,NO,1350000
D.J. Wonnum,CAR,1350000
Mason Rudolph,TEN,1350000
Anton Harrison,JAX,1349933
Malcolm Koonce,LV,1341540
Jihad Ward,MIN,1340000
Trent Sherfield,MIN,1340000
Hunter Long,LAR,1337551
Dyami Brown,WAS,1334181
Cam Jurgens,PHI,1332548
Chauncey Golston,DAL,1330444
Cody Barton,DEN,1330000
Chase Edmonds,TB,1325000
Julian Blackmon,IND,1325000
Kendrick Green,HOU,1324878
Patrick Jones,MIN,1324105
Myles Murphy,CIN,1322148
Kristian Fulton,LAC,1320000
George Pickens,PIT,1318834
Jonathan Owens,CHI,1310000
Kendall Lamm,MIA,1310000
Bryan Bresee,NO,1307435
Alec Pierce,IND,1305122
Blake Gillikin,ARI,1300000
Cameron Heyward,PIT,1300000
Chris Lindstrom,ATL,1300000
Clelin Ferrell,WAS,1300000
Cordarrelle Patterson,PIT,1300000
Demario Davis,NO,1300000
Ian Thomas,CAR,1300000
Kendrick Bourne,NE,1300000
Nolan Smith,PHI,1295109
Skyy Moore,KC,1291409
Felix Anudike-Uzomah,KC,1287173
Ben Cleveland,BAL,1284000
Corey Ballentine,GB,1280000
Trey McBride,ARI,1277697
Isaiah Simmons,NYG,1275000
JaMycal Hasty,NE,1270000
Luke Goedeke,TB,1266726
George Fant,SEA,1260000
Jamison Crowder,WAS,1260000
Rayshawn Jenkins,SEA,1260000
Troy Andersen,ATL,1259870
Malcolm Roach,DEN,1257000
Carlton Davis,DET,1255000
Khalil Mack,LAC,1255000
Ed Ingram,MIN,1250271
Amen Ogbongbemiga,CHI,1250000
Arthur Maulet,BAL,1250000
Chris Jones,KC,1250000
Darnell Savage,JAX,1250000
Dean Lowry,PIT,1250000
Devin Duvernay,JAX,1250000
Donte Jackson,PIT,1250000
Drue Tranquill,KC,1250000
Eric Murray,HOU,1250000
Ezra Cleveland,JAX,1250000
Graham Glasgow,DET,1250000
Greg Van Roten,NYG,1250000
Jermaine Eluemunor,NYG,1250000
Jonathan Bullard,MIN,1250000
Jordan Poyer,MIA,1250000
Leonard Williams,SEA,1250000
Linval Joseph,DAL,1250000
Michael Pierce,BAL,1250000
Montravius Adams,PIT,1250000
Neville Hewitt,HOU,1250000
Rasul Douglas,BUF,1250000
Rigoberto Sanchez,IND,1250000
Ronald Darby,JAX,1250000
Royce Newman,TB,1250000
Tim Settle,HOU,1250000
Cam Taylor-Britt,CIN,1246157
Brandon Jones,DEN,1245000
Jalen Reeves-Maybin,DET,1245000
P.J. Locke,DEN,1245000
Tristan Wirfs,TB,1244000
Drake Jackson,SF,1240672
Ameer Abdullah,LV,1240000
Daniel Ekuale,NE,1240000
Johnathan Hankins,SEA,1240000
Bryan Cook,KC,1236558
Jerome Baker,TEN,1235971
Nik Bonitto,DEN,1232445
David Onyemata,ATL,1225000
A'Shawn Robinson,CAR,1210000
Aaron Brewer,ARI,1210000
Allen Robinson,DET,1210000
Andrew DePaola,MIN,1210000
Andrus Peat,LV,1210000
Anthony Walker Jr.,MIA,1210000
Antonio Hamilton,ATL,1210000
Artie Burns,SEA,1210000
Austin Ekeler,WAS,1210000
Austin Hooper,NE,1210000
Austin Johnson,BUF,1210000
Brandon Allen,SF,1210000
Brandon Graham,PHI,1210000
Brandon McManus,GB,1210000
Brent Urban,BAL,1210000
C.J. Beathard,JAX,1210000
C.J. Goodwin,DAL,1210000
C.J. Mosley,NYJ,1210000
C.J. Uzomah,PHI,1210000
Calais Campbell,MIA,1210000
Cameron Jordan,NO,1210000
Cameron Sutton,PIT,1210000
Carson Wentz,KC,1210000
Casey Kreiter,NYG,1210000
Charley Hughlett,CLE,1210000
Chris Conley,SF,1210000
Chris Hubbard,NYG,1210000
Chris Manhertz,NYG,1210000
Christian McCaffrey,SF,1210000
Cody Whitehair,LV,1210000
Cornelius Lucas,WAS,1210000
Curtis Samuel,BUF,1210000
D.J. Reader,DET,1210000
DaQuan Jones,BUF,1210000
Dalton Risner,MIN,1210000
Dalvin Tomlinson,CLE,1210000
Dan Feeney,MIN,1210000
Dante Fowler Jr.,WAS,1210000
Darius Slay,PHI,1210000
Daryl Worley,BAL,1210000
David Njoku,CLE,1210000
David Quessenberry,MIN,1210000
Dawuane Smoot,BUF,1210000
Derek Carr,NO,1210000
Derrick Henry,BAL,1210000
Deshaun Watson,CLE,1210000
Dustin Hopkins,CLE,1210000
Eddie Goldman,ATL,1210000
Elijah Wilkinson,ATL,1210000
Eric Wilson,GB,1210000
Ezekiel Turner,DET,1210000
Fabian Moreau,MIN,1210000
Geoff Swaim,CLE,1210000
George Kittle,SF,1210000
Germain Ifedi,CLE,1210000
Greg Zuerlein,NYJ,1210000
Harrison Butker,KC,1210000
J.J. Jansen,CAR,1210000
Jadeveon Clowney,CAR,1210000
Jake Brendel,SF,1210000
Jake Elliott,PHI,1210000
Jake McQuaide,MIA,1210000
Jalen Mills,NYJ,1210000
Jalen Ramsey,MIA,1210000
Jameis Winston,CLE,1210000
James Bradberry,PHI,1210000
James Winchester,KC,1210000
Javon Hargrave,SF,1210000
Joe Cardona,NE,1210000
Joel Bitonio,CLE,1210000
John Jenkins,LV,1210000
John Johnson,LAR,1210000
Jon Feliciano,SF,1210000
Jon Weeks,HOU,1210000
Jonnu Smith,MIA,1210000
Jordan Hicks,CLE,1210000
Jordan Phillips,BUF,1210000
Josh Harris,LAC,1210000
Josh Johnson,BAL,1210000
JuJu Smith-Schuster,KC,1210000
Justin Hardee,TEN,1210000
Justin Tucker,BAL,1210000
Kamu Grugier-Hill,MIN,1210000
Kareem Hunt,KC,1210000
Kelvin Beachum,ARI,1210000
Kendall Fuller,MIA,1210000
Kevin Zeitler,DET,1210000
Kyle Juszczyk,SF,1210000
Kyle Peko,DET,1210000
Laken Tomlinson,SEA,1210000
Lane Johnson,PHI,1210000
Leonard Floyd,SF,1210000
Lucas Patrick,NO,1210000
Luke Rhodes,IND,1210000
Maliek Collins,SF,1210000
Marcus Davenport,DET,1210000
Mario Edwards,HOU,1210000
Mark Glowinski,IND,1210000
Michael Burton,DEN,1210000
Michael Davis,WAS,1210000
Mike Evans,TB,1210000
Mike Pennel,KC,1210000
Miles Killebrew,PIT,1210000
Mitchell Trubisky,BUF,1210000
Morgan Cox,TEN,1210000
MyCole Pruitt,PIT,1210000
Myles Garrett,CLE,1210000
Nelson Agholor,BAL,1210000
Nick Bellore,WAS,1210000
Nick Vigil,DAL,1210000
Noah Brown,WAS,1210000
Pat O'Donnell,SF,1210000
Patrick Scales,CHI,1210000
Quandre Diggs,TEN,1210000
Quinton Jefferson,BUF,1210000
Raheem Mostert,MIA,1210000
Reid Ferguson,BUF,1210000
Rick Lovato,PHI,1210000
Rodney McLeod,CLE,1210000
Ronnie Harrison,IND,1210000
Russell Wilson,PIT,1210000
Ryan Ramczyk,NO,1210000
Shaq Mason,HOU,1210000
Shaq Thompson,CAR,1210000
Shaquil Barrett,TB,1210000
Shelby Harris,CLE,1210000
Sheldon Day,WAS,1210000
Stefon Diggs,HOU,1210000
Sterling Shepard,TB,1210000
Tashaun Gipson,SF,1210000
Taylor Decker,DET,1210000
Taylor Heinicke,LAC,1210000
Taysom Hill,NO,1210000
Teddy Bridgewater,DET,1210000
Terron Armstead,MIA,1210000
Thomas Hennessy,NYJ,1210000
Thomas Morstead,NYJ,1210000
Tony Jefferson,LAC,1210000
Trent Williams,SF,1210000
Troy Hill,TB,1210000
Tyler Matakevich,PIT,1210000
Tyler Ott,WAS,1210000
Tyreek Hill,MIA,1210000
Vonn Bell,CIN,1210000
Wil Lutz,DEN,1210000
William Gholston,TB,1210000
Zach Ertz,WAS,1210000
Zach Wood,NO,1210000
Luke Fortner,JAX,1205006
Brian Asamoah,MIN,1203804
Joshua Ezeudu,NYG,1203684
Nicholas Petit-Frere,TEN,1200976
Amik Robertson,DET,1200000
David Edwards,BUF,1200000
Josh Jacobs,GB,1200000
Tyler Biadasz,WAS,1200000
Chad Muma,JAX,1198283
Abraham Lucas,SEA,1195153
Jelani Woods,IND,1193407
Ifeatu Melifonwu,DET,1192000
Christian Harris,HOU,1191204
Travis Jones,BAL,1187424
Joey Porter Jr.,PIT,1187197
Bernhard Raimann,IND,1186997
Greg Dulcich,NYG,1183104
DeAngelo Malone,ATL,1180417
Sam LaPorta,DET,1180272
Nakobe Dean,PHI,1178149
DeMarvin Leal,PIT,1176536
Marcus Jones,NE,1175632
Malik Willis,GB,1174100
Michael Mayer,LV,1173348
Cam Thomas,CLE,1172667
Jalen Tolbert,DAL,1171884
Dylan Parham,LV,1171494
Rachaad White,TB,1171364
Steve Avila,LAR,1170578
Carl Granderson,NO,1170000
Maurice Hurst,CLE,1170000
Von Miller,BUF,1166667
Nick Cross,IND,1165513
Derick Hall,SEA,1164344
Brian Robinson,WAS,1163628
Channing Tindall,MIA,1163628
Jeremy Ruckert,NYJ,1163628
Leo Chenal,KC,1163628
James Cook,BUF,1160188
Charlie Woerner,ATL,1160000
Isaiah Oliver,NYJ,1160000
Matthew Bergeron,ATL,1158113
Martin Emerson,CLE,1152390
Anfernee Jennings,NE,1150000
Brandon Powell,MIN,1150000
CeeDee Lamb,DAL,1150000
T.J. Hockenson,MIN,1150000
Isaiah Foskey,NO,1147033
Terrel Bernard,BUF,1141624
B.J. Ojulari,ARI,1140800
Kerby Joseph,DET,1138628
Alex Wright,CLE,1136234
Luke Musgrave,GB,1135261
Roy Robertson-Harris,SEA,1133333
Cordale Flott,NYG,1131532
Sean Rhyan,GB,1130714
Nick Allegretti,WAS,1130000
Joe Tippmann,NYJ,1129982
A.J. Brown,PHI,1125000
A.J. Epenesa,BUF,1125000
Aaron Brewer,MIA,1125000
Aaron Stinnie,NYG,1125000
Adam Butler,LV,1125000
Adrian Colbert,CHI,1125000
Ahkello Witherspoon,LAR,1125000
Akeem Davis-Gaither,CIN,1125000
Alec Ingold,MIA,1125000
Alex Highsmith,PIT,1125000
Alexander Mattison,LV,1125000
Alohi Gilman,LAC,1125000
Amani Oruwariye,DAL,1125000
Andre Dillard,GB,1125000
Antonio Gibson,NE,1125000
Armon Watts,NYG,1125000
Austin Jackson,MIA,1125000
Austin Schlottmann,NYG,1125000
Austin Seibert,WAS,1125000
Avonte Maddox,PHI,1125000
Baker Mayfield,TB,1125000
Ben Bartch,SF,1125000
Ben Niemann,DET,1125000
Ben Powers,DEN,1125000
Blake Cashman,MIN,1125000
Blake Ferguson,MIA,1125000
Bobby Okereke,NYG,1125000
Braden Mann,PHI,1125000
Bradley Bozeman,LAC,1125000
Brandon Aiyuk,SF,1125000
Brandon Parker,ATL,1125000
Brett Rypien,MIN,1125000
Bryce Hall,TB,1125000
Bryce Huff,PHI,1125000
Byron Cowart,CHI,1125000
C.J. Henderson,PIT,1125000
Calvin Anderson,PIT,1125000
Cam Lewis,BUF,1125000
Cameron Brown,MIA,1125000
Cameron Johnston,PIT,1125000
Carl Lawson,DAL,1125000
Carlos Watkins,DAL,1125000
Charlie Heck,SF,1125000
Chase Young,NO,1125000
Chris Board,BAL,1125000
Chuck Clark,NYJ,1125000
Chukwuma Okorafor,NE,1125000
Cody Ford,CIN,1125000
Colton McKivitz,SF,1125000
Connor McGovern,BUF,1125000
Corey Bojorquez,CLE,1125000
Corey Levin,TEN,1125000
Courtland Sutton,DEN,1125000
Craig Reynolds,DET,1125000
Creed Humphrey,KC,1125000
D'Onta Foreman,CLE,1125000
D.K. Metcalf,SEA,1125000
Da'shawn Hand,MIA,1125000
Dallas Goedert,PHI,1125000
Damien Lewis,CAR,1125000
Dan Skipper,DET,1125000
Dane Jackson,CAR,1125000
Daniel Thomas,JAX,1125000
Dante Pettis,NO,1125000
Dare Ogunbowale,HOU,1125000
Darnay Holmes,LV,1125000
David Long,IND,1125000
David Moore,CAR,1125000
DeShawn Williams,CAR,1125000
Deandre Carter,CHI,1125000
Deebo Samuel,SF,1125000
Demone Harris,ATL,1125000
Denzel Ward,CLE,1125000
Deonte Harty,BAL,1125000
Derrick Brown,CAR,1125000
Derrick Nnadi,KC,1125000
Devin Bush,CLE,1125000
Devin White,HOU,1125000
Dorance Armstrong,WAS,1125000
Dre'Mont Jones,SEA,1125000
Durham Smythe,MIA,1125000
D’Ernest Johnson,JAX,1125000
Elijah Campbell,MIA,1125000
Emmanuel Moseley,DET,1125000
Eric Saubert,SF,1125000
Erik McCoy,NO,1125000
Frankie Luvu,WAS,1125000
Fred Johnson,PHI,1125000
Fred Warner,SF,1125000
Geno Stone,CIN,1125000
George Odum,SF,1125000
Greg Dortch,ARI,1125000
Greg Joseph,NYJ,1125000
Greg Stroman,NYG,1125000
Gunner Olszewski,NYG,1125000
Gus Edwards,LAC,1125000
Hayden Hurst,LAC,1125000
Iosua Opeta,TB,1125000
Irv Smith,HOU,1125000
Isaac Yiadom,SF,1125000
Isaiah Wynn,MIA,1125000
Jack Driscoll,PHI,1125000
Jackson Barton,ARI,1125000
Jacob Bobenmoyer,LV,1125000
Jahlani Tavai,NE,1125000
Jake Bailey,MIA,1125000
Jake Martin,CHI,1125000
Jalen Hurts,PHI,1125000
Jalen Reagor,LAC,1125000
Jalyn Holmes,WAS,1125000
James Pierre,PIT,1125000
James Proche,CLE,1125000
James Smith-Williams,ATL,1125000
Jaylinn Hawkins,NE,1125000
Jedrick Wills,CLE,1125000
Jeff Driskel,WAS,1125000
Jeff Wilson,MIA,1125000
Jeremiah Ledbetter,JAX,1125000
Jeremy Chinn,WAS,1125000
Jeremy McNichols,WAS,1125000
Jeremy Reaves,WAS,1125000
Jerry Jeudy,CLE,1125000
Joe Bachie,CIN,1125000
Joey Slye,NE,1125000
Johnny Mundt,MIN,1125000
Jordan Elliott,SF,1125000
Jordan Fuller,CAR,1125000
Jordan Mailata,PHI,1125000
Jordyn Brooks,MIA,1125000
Josey Jewell,CAR,1125000
Josh Allen,BUF,1125000
Josh Jones,BAL,1125000
Josh Kelley,TEN,1125000
Josh Metellus,MIN,1125000
Josh Sweat,PHI,1125000
Josiah Deguara,JAX,1125000
Julian Okwara,ARI,1125000
Justin Jefferson,MIN,1125000
Juwan Johnson,NO,1125000
K'Von Wallace,SEA,1125000
Keisean Nixon,GB,1125000
Kendall Sheffield,NYJ,1125000
Kentavius Street,ATL,1125000
Kevin King,ATL,1125000
Khadarel Hodge,ATL,1125000
Khaleke Hudson,CLE,1125000
Kindle Vildor,DET,1125000
Kris Boyd,HOU,1125000
Kristian Welch,BAL,1125000
Krys Barnes,ARI,1125000
Kyle Allen,PIT,1125000
K’Lavon Chaisson,LV,1125000
L.J. Collier,ARI,1125000
Leki Fotu,NYJ,1125000
Lester Cotton,NE,1125000
Lonnie Johnson,CAR,1125000
Luke Gifford,TEN,1125000
Marquez Valdes-Scantling,NO,1125000
Matt Dickerson,MIA,1125000
Matt Peart,DEN,1125000
Matt Pryor,CHI,1125000
Matthew Adams,NYG,1125000
Matthew Orzech,GB,1125000
Max Scharping,PIT,1125000
Mecole Hardman,KC,1125000
Michael Badgley,DET,1125000
Michael Deiter,WAS,1125000
Michael Dunn,CLE,1125000
Michael Ford,CLE,1125000
Michael Palardy,ARI,1125000
Mike Boone,CAR,1125000
Mike Edwards,TB,1125000
Mike McGlinchey,DEN,1125000
Mike White,BUF,1125000
Mitch Wishnowsky,SF,1125000
Mykal Walker,WAS,1125000
Nathan Shepherd,NO,1125000
Neville Gallimore,LAR,1125000
Nick Bosa,SF,1125000
Nick Chubb,CLE,1125000
Nick Gates,PHI,1125000
Nick Scott,CAR,1125000
Nick Vannett,TEN,1125000
Nnamdi Madubuike,BAL,1125000
Noah Igbinoghene,WAS,1125000
Olamide Zaccheaus,WAS,1125000
Oren Burks,PHI,1125000
Oshane Ximines,NE,1125000
Pat O'Connor,DET,1125000
Poona Ford,LAC,1125000
Quincy Williams,NYJ,1125000
Raekwon McMillan,TEN,1125000
Rashan Gary,GB,1125000
Ray-Ray McCloud,ATL,1125000
River Cracraft,MIA,1125000
Robert Hunt,CAR,1125000
Rock Ya-Sin,SF,1125000
Roquan Smith,BAL,1125000
Ross Dwelley,ATL,1125000
Ross Matiscik,JAX,1125000
Sam Eguavoen,NYJ,1125000
Sam Mustipher,LAC,1125000
Shaq Quarterman,LAC,1125000
Shy Tuttle,CAR,1125000
Sione Takitaki,NE,1125000
Siran Neal,MIA,1125000
Steven Sims Jr.,BAL,1125000
Storm Norton,ATL,1125000
Tanner Hudson,CIN,1125000
Taron Johnson,BUF,1125000
Tarvarius Moore,CHI,1125000
Tavierre Thomas,TB,1125000
Taybor Pepper,SF,1125000
Teair Tart,LAC,1125000
Tim Boyle,NYG,1125000
Tim Patrick,DET,1125000
Tommy Townsend,HOU,1125000
Tony Brown,CLE,1125000
Trayveon Williams,CIN,1125000
Trayvon Mullen,BAL,1125000
Trent Sieg,DAL,1125000
Trenton Scott,WAS,1125000
Trevis Gipson,SEA,1125000
Troy Dye,LAC,1125000
Troy Reeder,LAR,1125000
Trystan Colon-Castillo,ARI,1125000
Tua Tagovailoa,MIA,1125000
Ty Johnson,BUF,1125000
Ty Summers,NYG,1125000
Tyler Conklin,NYJ,1125000
Tyler Huntley,MIA,1125000
Tytus Howard,HOU,1125000
Tyus Bowser,MIA,1125000
Uchenna Nwosu,SEA,1125000
Ugo Amadi,NO,1125000
Van Jefferson,PIT,1125000
Will Dissly,LAC,1125000
Will Grier,DAL,1125000
Will Harris,NO,1125000
Yetur Gross-Matos,SF,1125000
Yosh Nijman,CAR,1125000
Zach Allen,DEN,1125000
Zach Cunningham,DEN,1125000
Zach Sieler,MIA,1125000
Zack Baun,PHI,1125000
Zack Moss,CIN,1125000
Zane Gonzalez,WAS,1125000
Julius Brents,IND,1122588
Samuel Cosmi,WAS,1116000
Brian Branch,DET,1114624
Keion White,NE,1104098
Blake Brandel,MIN,1100000
Jon Rhattigan,CAR,1100000
Pat Freiermuth,PIT,1100000
Robert Jones,MIA,1100000
Jartavius Martin,WAS,1097174
Cody Mauch,TB,1090248
Keeanu Benton,PIT,1083324
Jayden Reed,GB,1076399
Jimmy Garoppolo,LAR,1075556
Cam Smith,MIA,1069474
Zach Charbonnet,SEA,1062549
Sam Williams,DAL,1059035
Gervon Dexter,CHI,1055624
Adam Prentice,NO,1055000
Andre Chachere,ARI,1055000
Anthony Pittman,DET,1055000
Avery Williams,ATL,1055000
Ben Skowronek,PIT,1055000
Blake Hance,JAX,1055000
Bobby Brown,LAR,1055000
Brandin Echols,NYJ,1055000
Brenden Jaimes,LAC,1055000
Brevin Jordan,HOU,1055000
Brock Wright,DET,1055000
Caleb Farley,CAR,1055000
Caleb Johnson,JAX,1055000
Cam Gill,CAR,1055000
Cameron Sample,CIN,1055000
Chris Evans,CIN,1055000
Chris Rumph II,LAC,1055000
Christian Darrisaw,MIN,1055000
Christian Kuntz,PIT,1055000
Christian Rozeboom,LAR,1055000
Cole Van Lanen,JAX,1055000
Collin Johnson,CHI,1055000
Curtis Robinson,SF,1055000
D'Wayne Eskridge,MIA,1055000
D'ante Smith,CIN,1055000
Damar Hamlin,BUF,1055000
Dan Chisena,CAR,1055000
Danny Pinter,IND,1055000
Darrynton Evans,CHI,1055000
DeVonta Smith,PHI,1055000
Elijah Mitchell,SF,1055000
Evan McPherson,CIN,1055000
Grant Delpit,CLE,1055000
Grant Stuard,IND,1055000
Ihmir Smith-Marsette,NYG,1055000
Isaiah McDuffie,GB,1055000
Isaiah Rodgers,PHI,1055000
Isaiahh Loudermilk,PIT,1055000
Israel Mukuamu,DAL,1055000
Ja'Marr Chase,CIN,1055000
Jack Stoll,MIA,1055000
Jackson Carman,MIA,1055000
Jake Curhan,CHI,1055000
Jake Hanson,NYJ,1055000
James Hudson,CLE,1055000
James Lynch,TEN,1055000
Jamien Sherwood,NYJ,1055000
Jamin Davis,NYJ,1055000
Jauan Jennings,SF,1055000
Jay Tufele,CIN,1055000
Jaycee Horn,CAR,1055000
Jaylen Waddle,MIA,1055000
Jaylon Moore,SF,1055000
Jeremiah Owusu-Koramoah,CLE,1055000
John Kelly,CLE,1055000
Jonah Williams,DET,1055000
Josh Woods,ATL,1055000
Justin Skule,TB,1055000
Justin Strnad,DEN,1055000
K.J. Britt,TB,1055000
Ka'dar Hollman,HOU,1055000
Kene Nwangwu,NYJ,1055000
Kenneth Gainwell,PHI,1055000
Khalil Dorsey,DET,1055000
Khyiris Tonga,ARI,1055000
Kyle Pitts,ATL,1055000
Landon Dickerson,PHI,1055000
Landon Young,NO,1055000
Luke Farrell,JAX,1055000
Marlon Tuipulotu,KC,1055000
Matt Hennessy,SF,1055000
Michael Carter,ARI,1055000
Michael Jackson,CAR,1055000
Monty Rice,NE,1055000
Myles Bryant,HOU,1055000
Naquan Jones,ARI,1055000
Nick Harris,CLE,1055000
Nick Leverett,ARI,1055000
Nick Moore,BAL,1055000
Nick Niemann,LAC,1055000
Noah Gray,KC,1055000
Patrick Johnson,NYG,1055000
Patrick Surtain II,DEN,1055000
Patrick Taylor,SF,1055000
Quinn Bailey,DEN,1055000
Quinn Meinerz,DEN,1055000
Rashod Bateman,BAL,1055000
Rico Dowdle,DAL,1055000
Riley Patterson,ATL,1055000
Robert Rochell,GB,1055000
Roy Lopez,ARI,1055000
Sam Ehlinger,IND,1055000
Scott Daly,CHI,1055000
Shane Lemieux,NO,1055000
Shemar Jean-Charles,NO,1055000
Simi Fehoko,LAC,1055000
Spencer Brown,BUF,1055000
Stone Forsythe,SEA,1055000
Ta'Quon Graham,ATL,1055000
Terrace Marshall,LV,1055000
Tommy Doyle,BUF,1055000
Tre Brown,SEA,1055000
Trey Lance,DAL,1055000
Trey Sermon,IND,1055000
Tylan Wallace,BAL,1055000
Tyler Johnson,LAR,1055000
Victor Dimukeje,ARI,1055000
Zach Wilson,DEN,1055000
Zayne Anderson,GB,1055000
David Bell,CLE,1051167
Tuli Tuipulotu,LAC,1048699
Rashee Rice,KC,1045237
Tyrique Stevenson,CHI,1043159
John Michael Schmitz,NYG,1039697
Luke Schoonmaker,DAL,1034849
O'Cyrus Torrence,BUF,1032772
D.J. Turner,CIN,1030002
Austin Deculus,HOU,1030000
Brenton Strange,JAX,1027924
Juice Scruggs,HOU,1027232
Marvin Mims,DEN,1025847
Zay Jones,ARI,1018333
Zacch Pickens,CHI,1011990
Tyler Steen,PHI,1011384
Sydney Brown,PHI,1011111
Drew Sanders,DEN,1010669
Hendon Hooker,DET,1009956
De'Vondre Campbell,SF,1008333
Byron Young,PHI,1007669
Kendre Miller,NO,1007015
Garrett Williams,ARI,1006133
Cedric Tillman,CLE,1005696
Jalin Hyatt,NYG,1005696
Zach Harrison,ATL,1003111
Marte Mapu,NE,1002896
Byron Young,LAR,1002576
Josh Downs,IND,1000930
D.J. Johnson,CAR,1000136
JK Dobbins,LAC,1000000
Mekhi Becton,PHI,1000000
Tyrel Dodson,MIA,1000000
Tyjae Spears,TEN,999573
Jordan Addison,MIN,999170
YaYa Diaby,TB,998428
Riley Moss,DEN,997613
Devon Achane,MIA,997157
Daiyan Henley,LAC,996383
Trenton Simpson,BAL,996383
Tank Bigsby,JAX,995133
Kobie Turner,LAR,995067
DeMarvion Overshown,DAL,995001
Wanya Morris,KC,994016
Darnell Washington,PIT,993360
Michael Wilson,ARI,992703
Jordan Battle,CIN,992046
Brodric Martin,DET,991095
Mekhi Blackmon,MIN,991095
Tre Tucker,LV,991095
Ahmad Gardner,NYJ,985000
Aidan Hutchinson,DET,985000
Akayleb Evans,CAR,985000
Amaré Barno,CAR,985000
Andrew Booth Jr.,DAL,985000
Ar'Darius Washington,BAL,985000
Arlington Hambright,TEN,985000
Bailey Zappe,CLE,985000
Baylon Spector,BUF,985000
Braxton Jones,CHI,985000
Brenden Schooler,NE,985000
Britain Covey,PHI,985000
Brock Hoffman,DAL,985000
Brock Purdy,SF,985000
Bruce Hector,NYJ,985000
Cade Mays,CAR,985000
Cade Otton,TB,985000
Cade York,CIN,985000
Cal Adomitis,CIN,985000
Calvin Austin,PIT,985000
Cameron Dicker,LAC,985000
Cameron McGrone,IND,985000
Chandler Wooten,CAR,985000
Charlie Kolar,BAL,985000
Chazz Surratt,NYJ,985000
Chig Okonkwo,TEN,985000
Chris Olave,NO,985000
Chris Paul,WAS,985000
Chris Williams,CHI,985000
Christian Benford,BUF,985000
Christian Elliss,NE,985000
Coby Bryant,SEA,985000
Connor Heyward,PIT,985000
Cordell Volson,CIN,985000
Corliss Waitman,PIT,985000
D'Marco Jackson,NO,985000
D.J. Davidson,NYG,985000
D.J. Turner,LV,985000
DaRon Bland,DAL,985000
Damarri Mathis,DEN,985000
Dameon Pierce,HOU,985000
Damone Clark,DAL,985000
Dane Belton,NYG,985000
Daniel Bellinger,NYG,985000
Daniel Faalele,BAL,985000
Dareke Young,SEA,985000
Darius Harris,DAL,985000
Darrell Baker Jr.,TEN,985000
Deane Leonard,LAC,985000
Decobie Durant,LAR,985000
Dee Alford,ATL,985000
Delarrin Turner-Yell,DEN,985000
Derek Stingley Jr.,HOU,985000
Derion Kendrick,LAR,985000
Desmond Ridder,LV,985000
Deven Thompkins,CAR,985000
Dominique Robinson,CHI,985000
Drake London,ATL,985000
D’Anthony Bell,CLE,985000
Earnest Brown,DAL,985000
Elijah Garcia,NYG,985000
Elijah Hicks,CHI,985000
Eric Johnson,NE,985000
Erik Ezukanma,MIA,985000
Evan Neal,NYG,985000
Eyioma Uwazurike,DEN,985000
Feleipe Franks,CAR,985000
Foster Sarell,LAC,985000
Garrett Wilson,NYJ,985000
Grant Calcaterra,PHI,985000
Hassan Haskins,LAC,985000
Ian Book,PHI,985000
Ikem Ekwonu,CAR,985000
Isaiah Likely,BAL,985000
Isaiah Pola-Mao,LV,985000
Isiah Pacheco,KC,985000
J.J. Russell,TB,985000
Ja'Sir Taylor,LAC,985000
Jack Cochrane,KC,985000
Jack Gibbens,TEN,985000
Jack Jones,LV,985000
Jack Sanborn,CHI,985000
Jaelon Darden,SEA,985000
Jake Ferguson,DAL,985000
Jake Hansen,HOU,985000
Jake Hummel,LAR,985000
Jalen Nailor,MIN,985000
Jamaree Salyer,LAC,985000
Janarius Robinson,LV,985000
Jaylen Warren,PIT,985000
Jaylen Watson,KC,985000
Jaylon Jones,CHI,985000
Jerome Ford,CLE,985000
Jesse Luketa,ARI,985000
Joe Giles-Harris,JAX,985000
Joey Blount,ARI,985000
John FitzPatrick,GB,985000
John Ridgeway,NO,985000
Jordan Mason,SF,985000
Jordan Stout,BAL,985000
Josh Blackwell,CHI,985000
Josh Jobe,SEA,985000
Joshua Williams,KC,985000
Julius Chestnut,TEN,985000
Kader Kohou,MIA,985000
Kalia Davis,SF,985000
Kavontae Turpin,DAL,985000
Kayode Awosika,DET,985000
Kayvon Thibodeaux,NYG,985000
Keith Taylor,KC,985000
Kemon Hall,DAL,985000
Kenny Pickett,PHI,985000
Khalil Shakir,BUF,985000
Kingsley Enagbare,GB,985000
Ko Kieft,TB,985000
Kyle Hinton,ATL,985000
Kyren Williams,LAR,985000
Liam McCullough,ATL,985000
Luke Masterson,LV,985000
Luke Wattenberg,DEN,985000
Malcolm Rodríguez,DET,985000
Malik Herring,KC,985000
Mark Robinson,PIT,985000
Markquese Bell,DAL,985000
Max Mitchell,NYJ,985000
Micah Abernathy,ATL,985000
Micah McFadden,NYG,985000
Michael Dwumfour,CLE,985000
Micheal Clemons,NYJ,985000
Mike Brown,TEN,985000
Mike Woods,CLE,985000
Mitchell Fraboni,DEN,985000
Montaric Brown,JAX,985000
Myles Adams,DET,985000
Nathan Landman,ATL,985000
Nazeeh Johnson,KC,985000
Nick McCloud,SF,985000
Nick Zakelj,SF,985000
Otito Ogbonnia,LAC,985000
Percy Butler,WAS,985000
Peyton Hendershot,KC,985000
Pierre Strong,CLE,985000
Quentin Lake,LAR,985000
Quintin Morris,BUF,985000
Quinton Bell,MIA,985000
Raheem Blackshear,CAR,985000
Raheem Layne,NYG,985000
Rasheed Walker,GB,985000
Rashid Shaheed,NO,985000
Reed Blankenship,PHI,985000
Rodney Thomas,IND,985000
Romeo Doubs,GB,985000
Ronnie Rivers,LAR,985000
Ryan Neal,TB,985000
Ryan Neuzil,ATL,985000
Ryan Stonehouse,TEN,985000
Ryan Wright,MIN,985000
Sam Howell,SEA,985000
Sam Kamara,CLE,985000
Sam Roberts,CAR,985000
Sam Webb,LV,985000
Samuel Womack,IND,985000
Shane Zylstra,DET,985000
Spencer Burford,SF,985000
Stone Smartt,LAC,985000
Tanner Conner,MIA,985000
Tariq Woolen,SEA,985000
Teagan Quitoriano,HOU,985000
Thayer Munford Jr.,LV,985000
Theo Jackson,MIN,985000
Tim Jones,JAX,985000
Tony Adams,NYJ,985000
Travon Walker,JAX,985000
Tre Avery,SF,985000
Trevor Denbow,IND,985000
Ty Chandler,MIN,985000
Tycen Anderson,CIN,985000
Tyler Allgeier,ATL,985000
Vederian Lowe,NE,985000
Velus Jones,CAR,985000
Wesley French,IND,985000
Xavier Newman-Johnson,NYJ,985000
Zach Thomas,HOU,985000
Zach Tom,GB,985000
Zamir White,LV,985000
Zyon McCollum,TB,985000
Zay Flowers,BAL,978020
Nick Saldiveri,NO,978000
Dorian Williams,BUF,964673
Quentin Johnston,LAC,959944
Tank Dell,HOU,958596
Jaxon Smith-Njigba,SEA,955332
Tucker Kraft,GB,951724
Jack Campbell,DET,949183
Calijah Kancey,TB,948794
Ji'Ayir Brown,SF,945264
Jake Moody,SF,941095
A.J. Finley,SEA,915000
Adetomiwa Adebawore,IND,915000
Aidan O'Connell,LV,915000
Alec Anderson,BUF,915000
Alex Barrett,SF,915000
Alex Forsyth,DEN,915000
Alex Ward,LAR,915000
Amari Burney,LV,915000
Ameer Speed,CHI,915000
Andre Carter II,LV,915000
Andrei Iosivas,CIN,915000
Andrew Ogletree,IND,915000
Andrew Rupcich,TEN,915000
Anthony Bradford,SEA,915000
Anthony Johnson Jr.,NYG,915000
Antonio Johnson,JAX,915000
Arron Mosby,GB,915000
Asim Richards,DAL,915000
B.J. Thompson,KC,915000
Ben Brown,NE,915000
Ben Sims,GB,915000
Ben VanSumeren,PHI,915000
Bijan Robinson,ATL,915000
Bill Murray,CHI,915000
Blake Freeland,IND,915000
Blake Grupe,NO,915000
Blake Whiteheart,CLE,915000
Bo Melton,GB,915000
Brady Russell,SEA,915000
Braeden Daniels,MIA,915000
Brandon Aubrey,DAL,915000
Brandon Pili,SEA,915000
Brayden Willis,SF,915000
Brenton Cox Jr.,GB,915000
Broderick Jones,PIT,915000
Bryce Baringer,NE,915000
Bryce Young,CAR,915000
Buddy Johnson,DAL,915000
C.J. Stroud,HOU,915000
Cam Jones,KC,915000
Cameron Mitchell,CLE,915000
Carrington Valentine,GB,915000
Carter O'Donnell,ARI,915000
Carter Warren,NYJ,915000
Chad Ryland,ARI,915000
Chamarri Conner,KC,915000
Chandler Zavala,CAR,915000
Charlie Jones,CIN,915000
Chase Brown,CIN,915000
Chris Brooks,GB,915000
Chris Rodriguez Jr.,WAS,915000
Chris Stoll,SEA,915000
Christian Izien,TB,915000
Christopher Smith II,LV,915000
Clark Phillips III,ATL,915000
Claudin Cherelus,CAR,915000
Clayton Tune,ARI,915000
Cody White,SEA,915000
Colby Sorsdal,DET,915000
Colby Wooden,GB,915000
Cory Durden,NYG,915000
D.J. Ivey,CIN,915000
Daniel Hardy,CHI,915000
Daniel Whelan,GB,915000
Dante Stills,ARI,915000
Darian Kinnard,PHI,915000
Darnell Wright,CHI,915000
Darrell Luter Jr.,SF,915000
Davis Allen,LAR,915000
Dawand Jones,CLE,915000
Dee Winters,SF,915000
Demario Douglas,NE,915000
Derius Davis,LAC,915000
Desjuan Johnson,LAR,915000
Deuce Vaughn,DAL,915000
Devin Cochran,CIN,915000
Dontayvion Wicks,GB,915000
Dorian Thompson-Robinson,CLE,915000
Doug Kramer,CHI,915000
Drake Thomas,SEA,915000
Dylan Horton,HOU,915000
Eli Ricks,PHI,915000
Elijah Higgins,ARI,915000
Emanuel Wilson,GB,915000
Emari Demercado,ARI,915000
Eric Gray,NYG,915000
Esezi Otomewo,JAX,915000
Ethan Bonner,MIA,915000
Ethan Evans,LAR,915000
Henry To'oTo'o,HOU,915000
Hunter Luepke,DAL,915000
Irvin Charles,NYJ,915000
Isaiah Land,IND,915000
Isaiah McGuire,CLE,915000
Isaiah Thomas,CIN,915000
Israel Abanikanda,SF,915000
Ivan Pace,MIN,915000
JL Skinner,DEN,915000
Ja'Marcus Ingram,BUF,915000
Jaelyn Duncan,TEN,915000
Jahmyr Gibbs,DET,915000
Jake Bobo,SEA,915000
Jake Browning,CIN,915000
Jake Haener,NO,915000
Jake Tonges,SF,915000
Jakorian Bennett,LV,915000
Jaleel McLaughlin,DEN,915000
Jalen Brooks,DAL,915000
Jalen Carter,PHI,915000
Jalen Graham,SF,915000
James Houston,CLE,915000
Jammie Robinson,ARI,915000
Jaquelin Roy,NE,915000
Jaren Hall,SEA,915000
Jarrett Patterson,HOU,915000
Jarrick Bernard-Converse,NYJ,915000
Jay Ward,MIN,915000
Jaylon Jones,IND,915000
Ja’Quan McMillian,DEN,915000
Jeremiah Moon,PIT,915000
Jeremiah Pharms,NE,915000
John Ojukwu,TEN,915000
Jonathan Ford,CHI,915000
Jordan Howden,NO,915000
Jordan McFadden,LAC,915000
Jordan Meredith,LV,915000
Jordon Riley,NYG,915000
Josh Hayes,TB,915000
Josh Ross,SEA,915000
Josh Whyle,TEN,915000
Juanyeh Thomas,DAL,915000
Julian Hill,MIA,915000
Justin Shorter,LV,915000
Kaevon Merriweather,TB,915000
Kana’i Mauga,LV,915000
Karl Brooks,GB,915000
Kayshon Boutte,NE,915000
Kei'Trel Clark,ARI,915000
Kelee Ringo,PHI,915000
Kenny McIntosh,SEA,915000
Keondre Coburn,TEN,915000
Kyu Blu Kelly,LV,915000
LaBryan Ray,CAR,915000
Lucas Krull,DEN,915000
Malik Heath,GB,915000
Markees Watts,TB,915000
Mason Kinsey,TEN,915000
Matt Waletzko,DAL,915000
Matthew Butler,LV,915000
Mike Caliendo,KC,915000
Moro Ojomo,PHI,915000
Nate Adkins,DEN,915000
Nick Broeker,HOU,915000
Nick Hampton,LAR,915000
Nick Herbig,PIT,915000
Nikko Remigio,KC,915000
Noah Sewell,CHI,915000
Olu Oluwatimi,SEA,915000
Otis Reese,TEN,915000
Owen Pappoe,ARI,915000
Parker Washington,JAX,915000
Patrick O'Connell,SEA,915000
Payne Durham,TB,915000
Peter Skoronski,TEN,915000
Puka Nacua,LAR,915000
Robert Beal Jr.,SF,915000
Ronnie Hickman,CLE,915000
Roschon Johnson,CHI,915000
Ryan McCollum,PIT,915000
Ryan Van Demark,BUF,915000
Sam Okuayinonu,SF,915000
Scott Matlock,LAC,915000
Sean Tucker,TB,915000
Segun Olubi,IND,915000
Sidy Sow,NE,915000
Spencer Anderson,PIT,915000
Starling Thomas V,ARI,915000
T.J. Bass,DAL,915000
Tanner McKee,PHI,915000
Tavius Robinson,BAL,915000
Terell Smith,CHI,915000
Thomas Booker,PHI,915000
Tommy DeVito,NYG,915000
Tomon Fox,NYG,915000
Travis Vokolek,ARI,915000
Tre Hawkins III,NYG,915000
Trevor Nowaske,DET,915000
Trey Palmer,TB,915000
Tristin McCollum,PHI,915000
Tucker Fisk,LAC,915000
Tyler Goodson,IND,915000
Tyler Lacy,JAX,915000
Tyler Scott,CHI,915000
Tyree Wilson,LV,915000
Tyrus Wheat,DAL,915000
Tyson Bagent,CHI,915000
Vi Jones,ARI,915000
Warren McClendon Jr.,LAR,915000
Will Anderson,HOU,915000
Will Levis,TEN,915000
Will Mallory,IND,915000
Will McDonald,NYJ,915000
Xavier Gipson,NYJ,915000
Xavier Hutchinson,HOU,915000
Yasir Abdullah,JAX,915000
Jalyn Armour-Davis,BAL,881667
Larrell Murchison,LAR,881667
Kurt Hinish,HOU,830001
Kenny Yeboah,NYJ,828335
Jody Fortson,KC,820556
Amari Cooper,BUF,806667
Davante Adams,NYJ,806667
Cameron Young,SEA,798333
Mohamoud Diabate,CLE,798333
A.J. Barner,SEA,795000
Adisa Isaac,BAL,795000
Adonai Mitchell,IND,795000
Alex Palczewski,DEN,795000
Ali Gaye,TEN,795000
Amari Gainer,LV,795000
Amarius Mims,CIN,795000
Andrew Meyer,MIA,795000
Andrew Stueber,CIN,795000
Andrew Vorhees,BAL,795000
Andru Phillips,NYG,795000
Anfernee Orji,NO,795000
Anthony Gould,IND,795000
Art Green,NYG,795000
Austen Pleasants,SF,795000
Austin Booker,CHI,795000
Beanie Bishop,PIT,795000
Beau Brade,BAL,795000
Beaux Limmer,LAR,795000
Ben Sinnott,WAS,795000
Benton Whitley,ARI,795000
Blake Corum,LAR,795000
Blake Fisher,HOU,795000
Blake Watson,DEN,795000
Bo Nix,DEN,795000
Bo Richter,MIN,795000
Braden Fiske,LAR,795000
Braelon Allen,NYJ,795000
Braiden McGregor,NYJ,795000
Brandon Codrington,BUF,795000
Brandon Coleman,WAS,795000
Brandon Dorlus,ATL,795000
Brenden Bates,CLE,795000
Brenden Rice,LAC,795000
Brennan Jackson,LAR,795000
Brevyn Spann-Ford,DAL,795000
Brian Thomas Jr.,JAX,795000
Brock Bowers,LV,795000
Bryce Ford-Wheaton,NYG,795000
Bryce Oliver,TEN,795000
Bub Means,NO,795000
Bucky Irving,TB,795000
Byron Murphy,SEA,795000
C.J. Brewer,TB,795000
C.J. Hanson,KC,795000
Cade Stover,HOU,795000
Caelen Carson,DAL,795000
Caleb Williams,CHI,795000
Calen Bullock,HOU,795000
Cam Grandy,CIN,795000
Cam Hart,LAC,795000
Cam Little,JAX,795000
Carlos Washington Jr.,ATL,795000
Carson Steele,KC,795000
Carter Bradley,LV,795000
Casey Washington,ATL,795000
Cedric Johnson,CIN,795000
Charles Snowden,LV,795000
Chau Smith-Wade,CAR,795000
Chigozie Anusiem,CLE,795000
Chop Robinson,MIA,795000
Chris Blair,ATL,795000
Chris Braswell,TB,795000
Chris Collier,LV,795000
Chris Edmonds,CLE,795000
Christian Haynes,SEA,795000
Christian Mahogany,DET,795000
Christian Roland-Wallace,KC,795000
Cody Schrader,LAR,795000
Cole Bishop,BUF,795000
Colson Yankoff,WAS,795000
Cooper Beebe,DAL,795000
Cooper DeJean,PHI,795000
Cooper Hodges,JAX,795000
Cory Trice Jr.,PIT,795000
Curtis Jacobs,NE,795000
DaShaun White,SF,795000
Dadrion Taylor-Demerson,ARI,795000
Daijahn Anthony,CIN,795000
Dallas Turner,MIN,795000
Dallin Holker,NO,795000
Dalton Tucker,IND,795000
Dante Miller,NYG,795000
Darius Muasau,NYG,795000
Darius Robinson,ARI,795000
David Martin-Robinson,TEN,795000
DeWayne Carter,BUF,795000
Deantre Prince,JAX,795000
Decamerion Richardson,LV,795000
Dee Williams,NYG,795000
Dell Pettus,NE,795000
Delmar Glaze,LV,795000
Demani Richardson,CAR,795000
Demontrey Jacobs,NE,795000
Devaughn Vele,DEN,795000
Devin Culp,TB,795000
Devon Key,DEN,795000
Devontez Walker,BAL,795000
Dominick Puni,SF,795000
Dominique Hampton,WAS,795000
Dondrea Tillman,DEN,795000
Drake Maye,NE,795000
Dwight McGlothern,MIN,795000
Dylan Laube,LV,795000
Dylan McMahon,LAR,795000
E.J. Jenkins,PHI,795000
Edefuan Ulofoshio,BUF,795000
Edgerrin Cooper,GB,795000
Elijah Chatman,NYG,795000
Elijah Klein,TB,795000
Ennis Rakestraw,DET,795000
Eric Watts,NYJ,795000
Erick All,CIN,795000
Ethan Driskell,KC,795000
Evan Anderson,SF,795000
Evan Williams,GB,795000
Frank Crum,DEN,795000
George Holani,SEA,795000
Giovanni Manu,DET,795000
Graham Barton,TB,795000
Hogan Hatten,DET,795000
Hunter Nourzad,KC,795000
Isaac Guerendo,SF,795000
Isaiah Adams,ARI,795000
Isaiah Bolden,NE,795000
Isaiah Davis,NYJ,795000
Isaiah Stalbird,NO,795000
Isaiah Williams,CIN,795000
J.J. McCarthy,MIN,795000
JC Latham,TEN,795000
JD Bertrand,ATL,795000
Ja'Lynn Polk,NE,795000
Ja'Tavion Sanders,CAR,795000
Jack Browning,TB,795000
Jack Plummer,CAR,795000
Jack Westover,NE,795000
Jackson Powers-Johnson,LV,795000
Jacob Cowing,SF,795000
Jacob Monk,GB,795000
Jacoby Windmon,CAR,795000
Jaden Hicks,KC,795000
Jaheim Bell,NE,795000
Jake Bates,DET,795000
Jake Kubas,NYG,795000
Jalen Coker,CAR,795000
Jalen McMillan,TB,795000
Jalen Redmond,MIN,795000
Jalen Sundell,SEA,795000
Jalyx Hunt,PHI,795000
Jamal Hill,HOU,795000
Jamari Thrash,CLE,795000
James Williams,TEN,795000
Jared Verse,LAR,795000
Jared Wiley,KC,795000
Jarius Monroe,NYJ,795000
Jarrett Kingston,CAR,795000
Jarrian Jones,JAX,795000
Jarvis Brownlee Jr.,TEN,795000
Jase McClellan,ATL,795000
Javon Baker,NE,795000
Javon Bullard,GB,795000
Javon Foster,JAX,795000
Javon Solomon,BUF,795000
Jaxson Kirkland,CIN,795000
Jayden Daniels,WAS,795000
Jaylan Ford,NO,795000
Jaylen Harrell,TEN,795000
Jaylen McCollough,LAR,795000
Jaylen Wright,MIA,795000
Jaylin Simpson,NYJ,795000
Jaylon Carlies,IND,795000
Jeremiah Trotter Jr.,PHI,795000
Jermaine Burton,CIN,795000
Jha'Quan Jackson,TEN,795000
Joe Alt,LAC,795000
Joe Andreessen,BUF,795000
Joe Milton III,NE,795000
John Rhys Plumlee,SEA,795000
John Stephens,DAL,795000
Johnny Newton,WAS,795000
Johnny Wilson,PHI,795000
Jon Gaines II,ARI,795000
Jonah Elliss,DEN,795000
Jonah Laulu,LV,795000
Jonathon Brooks,CAR,795000
Jordan Jackson,DEN,795000
Jordan Jefferson,JAX,795000
Jordan Mims,NO,795000
Jordan Morgan,GB,795000
Jordan Whittington,LAR,795000
Jose Ramirez,TB,795000
Josh Ball,NO,795000
Josh Butler,DAL,795000
Josh Newton,CIN,795000
Josh Wallace,LAR,795000
Joshua Karty,LAR,795000
Jowon Briggs,CLE,795000
Julius Wood,TEN,795000
Junior Colson,LAC,795000
Justin Dedich,LAR,795000
Justin Eboigbe,LAC,795000
Justin Rogers,DAL,795000
Kadeem Telfort,GB,795000
Kaden Davis,CLE,795000
Kamari Lassiter,HOU,795000
Kamren Kinchens,LAR,795000
Kendall Milton,CIN,795000
Kendell Brooks,TEN,795000
Keon Coleman,BUF,795000
Kevin Austin,NO,795000
Khalid Duke,TEN,795000
Khristian Boyd,NO,795000
Kimani Vidal,LAC,795000
Kingsley Suamataia,KC,795000
Kiran Amegadjie,CHI,795000
Kitan Oladapo,GB,795000
Kool-Aid McKinstry,NO,795000
Kris Abrams-Draine,DEN,795000
Kris Jenkins,CIN,795000
Kyle Hergel,NO,795000
Ladd McConkey,LAC,795000
Laiatu Latu,IND,795000
Layden Robinson,NE,795000
Lecitus Smith,NE,795000
Leonard Taylor,NYJ,795000
Levelle Bailey,DEN,795000
Levi Drake Rodriguez,MIN,795000
Logan Bruss,TEN,795000
Luke McCaffrey,WAS,795000
Maason Smith,JAX,795000
Maema Njongmeta,CIN,795000
Malachi Corley,NYJ,795000
Malik Mustapha,SF,795000
Malik Nabers,NYG,795000
Malik Washington,MIA,795000
Marcelino McCrary-Ball,NYJ,795000
Marcellas Dial,NE,795000
Marist Liufau,DAL,795000
Marshawn Kneeland,DAL,795000
Marshawn Lloyd,GB,795000
Marvin Harrison Jr.,ARI,795000
Mason McCormick,PIT,795000
Mason Tipton,NO,795000
Matt Araiza,KC,795000
Matt Goncalves,IND,795000
Matt Lee,CIN,795000
Matthew Hayball,NO,795000
Max Melton,ARI,795000
Mekhi Wingo,DET,795000
Michael Hall,CLE,795000
Michael Jerrell,SEA,795000
Michael Jurgens,MIN,795000
Michael Niese,DET,795000
Michael Penix Jr.,ATL,795000
Mike Morris,SEA,795000
Mike Sainristil,WAS,795000
Miles Battle,NE,795000
Milo Eifler,ARI,795000
Mitchell Agude,DET,795000
Mohamed Kamara,MIA,795000
Myles Cole,JAX,795000
Nate Wiggins,BAL,795000
Nathaniel Watson,CLE,795000
Natrone Brooks,ATL,795000
Nehemiah Pritchett,SEA,795000
Nick Samac,BAL,795000
Olu Fashanu,NYJ,795000
Omar Speights,LAR,795000
Patrick Paul,MIA,795000
Payton Wilson,PIT,795000
Princeton Fant,DAL,795000
Quinyon Mitchell,PHI,795000
Qwan'tez Stiggers,NYJ,795000
Ray Davis,BUF,795000
Renardo Green,SF,795000
Rex Sunahara,CLE,795000
Ricky Pearsall,SF,795000
Rico Payton,NO,795000
Roger Rosengarten,BAL,795000
Roman Wilson,PIT,795000
Rome Odunze,CHI,795000
Ruke Orhorhoro,ATL,795000
Ryan Flournoy,DAL,795000
Ryan Miller,TB,795000
Ryan Rehkow,CIN,795000
Sanoussi Kane,BAL,795000
Sataoa Laumea,SEA,795000
Sedrick Van Pran-Granger,BUF,795000
Shaka Heyward,CIN,795000
Shemar Bartholomew,CAR,795000
Sincere McCormick,LV,795000
Sione Vaki,DET,795000
Spencer Rattler,NO,795000
Spencer Shrader,KC,795000
Stetson Bennett,LAR,795000
Storm Duck,MIA,795000
T'Vondre Sweat,TEN,795000
T.J. Tampa,BAL,795000
Taki Taimani,MIN,795000
Taliese Fuaga,NO,795000
Tanner McLachlan,CIN,795000
Tanor Bortolini,IND,795000
Tarheeb Still,LAC,795000
Tatum Bethune,SF,795000
Tay Martin,TEN,795000
Terrell Jennings,NE,795000
Terrion Arnold,DET,795000
Theo Johnson,NYG,795000
Thomas Harper,LV,795000
Tip Reiman,ARI,795000
Tommy Eichenberg,LV,795000
Tory Taylor,CHI,795000
Travis Glover,GB,795000
Trevin Wallace,CAR,795000
Trevor Keegan,PHI,795000
Trey Benson,ARI,795000
Troy Franklin,DEN,795000
Truman Jones,NE,795000
Ty'Ron Hopper,GB,795000
Tykee Smith,TB,795000
Tyler Badie,DEN,795000
Tyler Davis,LAR,795000
Tyler Guyton,DAL,795000
Tyler Nubin,NYG,795000
Tyler Owens,WAS,795000
Tyrek Funderburk,TB,795000
Tyrese Robinson,NE,795000
Tyrice Knight,SEA,795000
Tyrone Tracy,NYG,795000
Ventrell Miller,JAX,795000
Walter Rouse,MIN,795000
Will Reichard,MIN,795000
Will Shipley,PHI,795000
Winston Reid,CLE,795000
Xavier Legette,CAR,795000
Xavier Smith,LAR,795000
Xavier Thomas,ARI,795000
Xavier Weaver,ARI,795000
Xavier Worthy,KC,795000
Zach Frazier,PIT,795000
Zak Zinter,CLE,795000
Chuma Edoga,DAL,755279
Jerrick Reed II,SEA,751667
Rakim Jarrett,TB,751667
Cam Akers,MIN,750000
Tre'Davious White,BAL,750000
Alex Austin,NE,741275
DeAndre Hopkins,KC,739444
Nephi Sewell,NO,726668
Audric Estimé,DEN,722778
McKinnley Jackson,CIN,722777
Joshua Uche,KC,722220
Javontae Jean-Baptiste,WAS,704727
Rasheen Ali,BAL,704722
Trey Taylor,LV,704722
Ainias Smith,PHI,668610
Christian Jones,ARI,668610
Jordan Magee,WAS,668610
Cedric Gray,TEN,650558
Keaton Mitchell,BAL,645003
Kameron Johnson,TB,632503
Jaden Crumedy,CAR,632502
Mike Williams,PIT,627500
Josh Reynolds,JAX,623610
Marshon Lattimore,WAS,605000
Za'Darius Smith,DET,605000
Zach Carter,LV,601944
Stephen Carlson,CHI,597500
Caedan Wallace,NE,596391
Keilan Robinson,JAX,596390
SirVocea Dennis,TB,588332
Grant DuBose,MIA,578335
Tylan Grable,BUF,578335
Patrick McMorris,MIA,578334
Jonathan Mingo,DAL,576286
Juwann Winfree,IND,570000
Cameron Goode,MIA,565000
Al-Quadin Muhammad,DET,562500
Myles Harden,CLE,560279
Khalil Davis,SF,550000
Garret Wallow,TEN,545000
Harrison Hand,ATL,545000
Malik Taylor,NYJ,545000
Marlon Davidson,TEN,545000
Netane Muti,DET,545000
Nsimba Webster,CHI,545000
Tyler Davis,GB,545000
British Brooks,HOU,534168
Khalil Herbert,CIN,527500
Evan Deckers,TB,524168
Anthony Schwartz,MIA,520000
Christian Matthew,BAL,520000
Conor McDermott,LAR,520000
Elijah Riley,NYG,520000
Eric Banks,TB,520000
Hakeem Adeniji,CLE,520000
Justin Herron,NO,520000
Kion Smith,MIA,520000
Le'Raven Clark,PHI,520000
Nyheim Miller-Hines,CLE,520000
Shane Buechele,BUF,520000
Troy Fautanu,PIT,506112
Dyontae Johnson,NYG,506110
Antoine Green,DET,495000
Chance Campbell,TEN,495000
Colton Dowell,TEN,495000
Dalton Keene,HOU,495000
DeMarcco Hellams,ATL,495000
De’Shaan Dixon,JAX,495000
Jake Andrews,NE,495000
Luke Wypler,CLE,495000
NaJee Thompson,MIN,495000
Raequan Williams,CAR,495000
TK McLendon Jr.,TEN,495000
Tre Tomlinson,LAR,495000
Zaire Barnes,NYJ,495000
Bralen Trice,ATL,470000
Brandon Hill,HOU,470000
Bucky Williams,LAC,470000
Camron Peterson,NO,470000
Chris Collins,LAC,470000
Connor Galvin,DET,470000
Daniel Scott,IND,470000
David White Jr,JAX,470000
Douglas Coleman,CHI,470000
Earl Bostick,DAL,470000
Elijah Jones,ARI,470000
Grayson Murphy,MIA,470000
Ian Wheeler,CHI,470000
JaQuae Jackson,NE,470000
Jaylon Thomas,HOU,470000
Jeff Foreman,LV,470000
Jimmy Ciarlo,NYJ,470000
Jordan Travis,NYJ,470000
Joshua Onujiogu,SEA,470000
KT Leveston,LAR,470000
Lance Robinson,CIN,470000
Logan Lee,PIT,470000
Malik Hamm,BAL,470000
Marcus Riley,NYJ,470000
Nate Lynn,DET,470000
Nathan Thomas,DAL,470000
Norell Pollard,WAS,470000
Owen Wright,BAL,470000
Patrick Murtagh,JAX,470000
Popo Aumavae,CAR,470000
Rezjohn Wright,NO,470000
Robert Burns,ATL,470000
Ryan Coll,IND,470000
Ryan Watts,PIT,470000
Silas Dzansi,TB,470000
Tahj Washington,MIA,470000
Tomari Fox,LV,470000
Travis Clayton,BUF,470000
Tyler McLellan,LAC,470000
Marco Wilson,CIN,466669
Eli Apple,LAC,437500
Geron Christian,CLE,437500
Marcus Maye,LAC,403332
Emmanuel Forbes,LAR,402873
Anthony Miller,BAL,383400
Dalvin Cook,DAL,383400
Jalen Davis,CIN,383400
Keith Kirkwood,BAL,383400
Nathan Peterman,ATL,383400
Angelo Blackson,ARI,362100
Titus Leo,NE,355833
Tommy Togiai,HOU,351667
Isaiah McKenzie,NE,319500
Bobby McCain,MIN,302400
Bobby Price,WAS,302400
Brett Toth,PHI,302400
Carter Coughlin,NYG,302400
Deon Bush,KC,302400
Donald Parham,DEN,302400
Donovan Peoples-Jones,DET,302400
Equanimeous St. Brown,NO,302400
Isaiah Hodgins,NYG,302400
Jamarco Jones,DET,302400
K.J. Hamler,BUF,302400
Kareem Jackson,BUF,302400
Khalid Kareem,ATL,302400
Laquon Treadwell,IND,302400
Markus Bailey,ARI,302400
Mitchell Wilcox,NE,302400
Nahshon Wright,MIN,302400
Quez Watkins,PIT,302400
Sean McKeon,IND,302400
Trent Taylor,SF,302400
Trey Hill,CIN,302400
Jason Peters,SEA,298200
Danny Gray,PHI,285600
Zech McPhearson,JAX,285600
Trevor Siemian,TEN,276900
Chris Wormley,BAL,268800
Kevon Seymour,WAS,268800
Quintez Cephus,LAR,268800
Scott Quessenberry,HOU,268800
K.J. Osborn,WAS,262224
Cameron Fleming,DEN,255600
LaDarius Henderson,HOU,250000
Phillip Dorsett,ATL,234300
A.J. Arcuri,LAR,225000
Adrian Martinez,NYJ,225000
Alex Hale,GB,225000
Andre Jones Jr.,WAS,225000
Andre’ Sam,PHI,225000
Austin Reed,CHI,225000
Austin Trammell,JAX,225000
Ayo Oyelola,PIT,225000
Baylor Cupp,KC,225000
Bernhard Seikovits,ARI,225000
Brandon Johnson,PIT,225000
Brandon Smith,NYJ,225000
Brandon Walton,CAR,225000
Brock Mogensen,DAL,225000
Bryce Tremayne,WAS,225000
Caleb Jones,NE,225000
Carl Jones Jr.,CHI,225000
Charlie Smyth,NO,225000
Chase Lucas,SF,225000
Chasen Hines,MIA,225000
Chris Glaser,CHI,225000
Chris Okoye,LAC,225000
Christian Braswell,JAX,225000
Christopher Hinton,LAC,225000
Cody Thompson,TB,225000
Cole Burgess,CIN,225000
Cole Turner,WAS,225000
Corey Bullock,BAL,225000
D.J. Williams,TB,225000
DJ Montgomery,IND,225000
Daequan Hardy,BUF,225000
Dakoda Shepley,DAL,225000
Dalton Wagner,LV,225000
Daniel Grzesiak,TB,225000
Darrian Dalcourt,BAL,225000
David Ebuka Agoha,LV,225000
David Sills,DEN,225000
Deneric Prince,MIA,225000
Denzel Daxon,DAL,225000
Dequan Jackson,MIA,225000
Derrick McLendon,MIA,225000
Deslin Alexandre,GB,225000
Devin Harper,PIT,225000
Devin Leary,BAL,225000
Donovan Jennings,GB,225000
Dontavian Jackson,MIN,225000
Doug Nester,PIT,225000
Drake Nugent,SF,225000
Drake Stoops,LAR,225000
Dylan Drummond,ATL,225000
Elijah Cooks,JAX,225000
Ellis Merriweather,GB,225000
Eric Scott Jr.,KC,225000
Fabien Lovett,KC,225000
Frank Gore Jr.,BUF,225000
Gabe Hall,PHI,225000
Henry Byrd,MIN,225000
Isaac Alarcon,SF,225000
Isaac Ukwu,DET,225000
Isaiah Iton,TEN,225000
Isaiah Johnson,MIA,225000
Ja'Tyre Carter,CAR,225000
Jabari Small,TEN,225000
Jacob Slade,PIT,225000
Jaden Davis,ARI,225000
Jake Fromm,DET,225000
Jalen Cropper,DAL,225000
James Ester,GB,225000
James Mitchell,DET,225000
Jaret Patterson,LAC,225000
Jason Bean,IND,225000
Jason Brownlee,NYJ,225000
Jaylen Johnson,LAC,225000
Jaylen Mahoney,SF,225000
Jeremiah Jean-Baptiste,LAC,225000
Jermar Jefferson,DET,225000
Jesse Matthews,ATL,225000
Jimmy Morrissey,NYG,225000
Johnny Johnson,HOU,225000
Jordan Colbert,MIA,225000
Jordan Miller,DEN,225000
Joshua Cephus,JAX,225000
Josiah Ezirim,NO,225000
Jotham Russell,NE,225000
Jude McAtamney,NYG,225000
Julian Good-Jones,WAS,225000
Julian Hicks,GB,225000
Justyn Ross,KC,225000
Kalen King,GB,225000
Kamal Hadden,GB,225000
Karsen Barnhart,LAC,225000
Kazmeir Allen,WAS,225000
Kedon Slovis,HOU,225000
Keir Thomas,LAR,225000
Kelvin Harmon,DAL,225000
Kendric Pryor,CIN,225000
Kenneth Odumegwu,SEA,225000
Kenny Dyson,CAR,225000
Kevin Harris,NE,225000
Kilian Zierer,HOU,225000
Kingsley Eguakun,DET,225000
Kingsley Jonathan,BUF,225000
Kohl Levao,NYJ,225000
Kristian Wilkerson,LV,225000
LaCale London,ATL,225000
Laekin Vakalahi,PHI,225000
Lorenz Metz,TB,225000
Lorenzo Thompson,CLE,225000
Louis Rees-Zammit,JAX,225000
Luke Haggard,TB,225000
Luke Tenuta,ARI,225000
MJ Devonshire,LV,225000
Malik Cunningham,BAL,225000
Malik Davis,DAL,225000
Marcel Dabo,IND,225000
Marcus Banks,TB,225000
Marcus Haynes,CLE,225000
Mason Pline,SF,225000
Matt Henningsen,DEN,225000
Matt Jackson,JAX,225000
Micah Baskerville,CHI,225000
Michael Bandy,DEN,225000
Michael Jacobson,NO,225000
Michael Pratt,TB,225000
Michael Wiley,WAS,225000
Mike Edwards,BUF,225000
Mike Greene,TB,225000
Mitchell Tinsley,WAS,225000
Nate Brooks,CIN,225000
Nic Jones,KC,225000
Nick Gargiulo,DEN,225000
Nikola Kalinic,LAR,225000
Obinna Eze,NYJ,225000
Omar Brown,GB,225000
P.J. Jules,CIN,225000
P.J. Mustipher,ARI,225000
Praise Olatoke,CAR,225000
Qadir Ismail,BAL,225000
Raiqwon O'Neal,TB,225000
Rashad Wisdom,TB,225000
Reddy Steward,CHI,225000
Reese Taylor,DEN,225000
Richard Gouraige,BUF,225000
Roy Mbaeteka,CLE,225000
Sam Wiglusz,LAR,225000
Sammis Reyes,MIN,225000
Samori Toure,CHI,225000
Sean Clifford,GB,225000
Shaun Jolly,LAR,225000
Shawn Bowman,JAX,225000
Solomon Byrd,HOU,225000
Steven Jones,JAX,225000
Swayze Bozeman,KC,225000
Tanner Ingle,LAR,225000
Tanner Mordecai,SF,225000
Tanner Taula,TB,225000
Tashawn Manning,CIN,225000
Te'Cory Couch,BUF,225000
Tejhaun Palmer,ARI,225000
Thayer Thomas,MIN,225000
Theo Benedet,CHI,225000
Thomas Yassmin,DEN,225000
Tre Swilling,NYJ,225000
Tremon Morris-Brash,LAC,225000
Tremon Morris-Brash,LAC,225000
Treyton Welch,NO,225000
Troy Hairston,HOU,225000
Ty Davis-Price,PHI,225000
Tyreke Smith,SEA,225000
Tyrell Shavers,BUF,225000
Will Putnam,LV,225000
Xavier Johnson,HOU,225000
Zach Davidson,BUF,225000
Zack Kuntz,NYJ,225000
Zavier Scott,MIN,225000
Andre Baccellia,ARI,222500
C.J. Ravenell,BAL,222500
Dayton Wade,BAL,222500
Tommy Sweeney,CHI,218400
Bobby Hart,WAS,213000
A.J. Woods,PHI,212500
Jackson Sirmon,NYJ,212500
Jeshaun Jones,MIN,212500
Kyron Johnson,TEN,212500
Tyrone Scott,SEA,212500
Cameron Tom,CLE,201600
Marquez Callaway,TB,201600
Parry Nickerson,PHI,201600
Salvon Ahmed,IND,201600
Andrew Farmer,DEN,200000
Cornelius Johnson,GB,200000
D.J. James,NE,200000
Dashaun Mallory,CHI,200000
D’Shawn Jamison,PIT,200000
John Jackson,CHI,200000
Mark Perry,NE,200000
Max Tooley,MIN,200000
Eric Tomlinson,LAC,191700
Gottlieb Ayedze,LV,187500
Keaontay Ingram,KC,187500
McTelvin Agim,TEN,187500
Messiah Swinson,GB,187500
Breiden Fehoko,PIT,184800
Calvin Munson,MIN,184800
Carlos Basham Jr.,NYG,184800
Isaiah Prince,TEN,184800
Shaun Wade,LAC,184800
Alex Johnson,IND,175000
Ben Stille,ARI,175000
Cam Lampkin,LAR,175000
Darius Rush,KC,175000
Eku Leota,PIT,175000
Kearis Jackson,NYG,175000
Terique Owens,SF,175000
William Kwenkeu,BAL,175000
Jordan Matthews,CAR,170400
Abdullah Anderson,TEN,168000
Anthony Firkser,KC,168000
Josh Tupou,BAL,168000
Stephen Sullivan,CAR,168000
Tony Fields,LAR,168000
Tre Herndon,NO,168000
A.T. Perry,DEN,162500
Armani Rogers,ATL,162500
Jared Wayne,HOU,162500
Javion Cohen,CLE,162500
John Jiles,NE,162500
Luiji Vilain,DAL,162500
Marcus Harris,NE,162500
Sam Hartman,WAS,162500
Seth Williams,DAL,162500
Tanner Knue,TB,162500
Trey Dean,CLE,162500
Dennis Daley,JAX,151200
Efe Obada,WAS,151200
Russell Gage,SF,151200
Tremayne Anchrum,HOU,151200
Anthony Kendall,BAL,150000
Austin Ajiake,IND,150000
Carl Davis,DAL,150000
Dallis Flowers,TB,150000
Gregory Junior,HOU,150000
Jalen Dalton,DAL,150000
Jamree Kromah,CHI,150000
Junior Aho,ATL,150000
Lucas Havrisik,BUF,150000
Malaesala Aumavae-Laulu,BAL,150000
McClendon Curtis,SEA,150000
Micah Abraham,CIN,150000
Quinton Newsome,DEN,150000
Raymond Johnson III,CIN,150000
Tanner McCalister,DEN,150000
Zaire Mitchell-Paden,BAL,150000
Zyon Gilbert,PIT,150000
Desmond King,BAL,149100
Eric Rowe,PIT,149100
Andrew Coker,CIN,137500
Andrew Raym,CAR,137500
Anthony Brown,ARI,137500
Ben Nikkel,WAS,137500
Chris Oladokun,KC,137500
Damarion Williams,SEA,137500
Dennis Houston,HOU,137500
Elias Neal,LAR,137500
Jawhar Jordan,HOU,137500
Nesta Jade Silvera,SF,137500
T.J. Smith,CAR,137500
Tarik Black,MIA,137500
Trishton Jackson,MIN,137500
Ty Okada,SEA,137500
Tyrone Wheatley Jr.,ATL,137500
Gary Brightwell,CIN,134400
Jamal Agnew,PIT,134400
Joshua Miles,NYG,134400
Tyler Shatley,JAX,127800
Aaron Shampklin,PIT,125000
Anthony Goodlow,ARI,125000
Braylon Sanders,NE,125000
Caleb Murphy,LAC,125000
Diontae Johnson,HOU,125000
Evan Hull,IND,125000
Josh Sills,IND,125000
Kahlef Hailassie,CLE,125000
Kendall Williamson,LAC,125000
Marcellus Johnson,NYG,125000
Shakel Brown,MIA,125000
Jonathan Garvin,SF,117600
Tyre Phillips,NYG,117600
Bryan Hudson,NYG,112500
Cole Christiansen,KC,112500
Dallas Gant,PHI,112500
Dylan Cook,PIT,112500
Gervarrius Owens,TEN,112500
JT Woods,CHI,112500
Jamie Sheriff,SEA,112500
Jayden Peevy,HOU,112500
John Shenker,LV,112500
Matt Cindric,NYJ,112500
Matt Sokol,PIT,112500
Ryan Hayes,MIA,112500
Ryder Anderson,NO,112500
Thomas Odukoya,TEN,112500
Trajan Jeffcoat,NO,112500
Travis Bell,MIN,112500
Tyreik McAllister,LV,112500
Xazavian Valladay,NO,112500
Zion Logue,BUF,112500
Micah Hyde,BUF,106500
Andrew Beck,HOU,100800
Calvin Throckmorton,DEN,100800
Daniel Jones,MIN,100800
Stanley Morgan,TEN,100800
Tre Flowers,IND,100800
Abraham Beauplan,DET,100000
Chandler Brewer,NO,100000
Keidron Smith,DEN,100000
Mason Brooks,IND,100000
Ricky Stromberg,CHI,100000
A.J. Green,LAR,87500
Alex Bachman,LV,87500
Alex McGough,GB,87500
Dicaprio Bootle,LAC,87500
J.J. Taylor,HOU,87500
Jermaine Jackson,NO,87500
Jordan Murray,NYG,87500
Keenan Isaac,LV,87500
Ochaun Mathis,PHI,87500
Tyler Mabry,SEA,87500
Tyquan Thornton,KC,87500
Benny Sapp,ATL,85200
Deion Jones,TB,85200
Steven Nelson,KC,85200
Dee Delaney,DAL,84000
John Wolford,JAX,84000
Jonathan Ward,PIT,84000
Ke'Shawn Vaughn,SF,84000
Kevin Strong,LAR,84000
Khari Blasingame,PHI,84000
Parris Campbell,PHI,84000
Quinton Bohanna,SEA,84000
Cornell Powell,SEA,75000
Durell Nchami,IND,75000
Easop Winston,NYJ,75000
Elerson Smith,CLE,75000
Gabriel Murphy,MIN,75000
Jovaughn Gwyn,ATL,75000
Julius Welschof,PIT,75000
Kyle Philips,PHI,75000
Marquis Hayes,GB,75000
McCallan Castles,LAC,75000
Michael Barrett,GB,75000
Russ Yeast,HOU,75000
Ryan Cooper,SEA,75000
Scotty Washington,BAL,75000
Viliami Fehoko Jr.,WAS,75000
Zonovan Knight,NYJ,75000
Curtis Bolton,TEN,67200
Michael Jordan,GB,67200
Myles Gaskin,JAX,67200
Ross Blacklock,NYG,67200
Royce Freeman,CHI,67200
Tre McKitty,CLE,67200
Trenton Irwin,CAR,67200
Alex Erickson,NE,63900
Isaiah McKenzie,MIA,63900
Will Clapp,BUF,63900
Andrew Parker Jr.,NE,62500
Brandon Smith,LV,62500
Charles Woods,LAR,62500
Dominique Dafney,CAR,62500
Elijah Dotson,ATL,62500
Emani Bailey,CAR,62500
Jack Heflin,LAR,62500
Jason Maitre,MIA,62500
Liam Anderson,IND,62500
Loren Strickland,DET,62500
Mike Novitsky,SEA,62500
Millard Bradford,NO,62500
Shedrick Jackson,LV,62500
Sincere Haynesworth,NO,62500
T.J. Luther,CAR,62500
Thomas Incoom,CAR,62500
Troy Pride Jr.,DAL,62500
Zack Bailey,NYJ,62500
D'Angelo Ross,HOU,54722
Albert Okwuegbunam,IND,50400
Bradlee Anae,NYJ,50400
Casey Toohill,BUF,50400
Clyde Edwards-Helaire,NO,50400
Dax Milne,CAR,50400
Rashad Weaver,LAR,50400
Stantley Thomas-Oliver,DET,50400
Tony Jones,ARI,50400
Azizi Hearn,NYG,50000
Ben DiNucci,NO,50000
Brittain Brown,SEA,50000
Dez Fitzpatrick,LAC,50000
Dieter Eiselen,JAX,50000
Ekow Boye-Doe,NYG,50000
Erick Hallett,DET,50000
Jaelen Gill,CLE,50000
Jake Luton,LV,50000
Jalen McKenzie,NYG,50000
Jeremiah Martin,GB,50000
Jerome Carvin,JAX,50000
John Parker Romo,NE,50000
Julian Pearl,CLE,50000
K.J. Cloyd,DEN,50000
Pheldarius Payne,IND,50000
Siaki Ika,KC,50000
Tra Fluellen,NO,50000
Tyler Manoa,LV,50000
Chris Moore,WAS,42600
Eddie Jackson,LAC,42600
Kwon Alexander,DET,42600
Robert Tonyan Jr.,KC,42600
Isaiah Spiller,LV,37500
Jackson Mitchell,CAR,37500
Jacob Kibodi,CLE,37500
Jalen Virgil,BUF,37500
Jaylen Key,CIN,37500
John Leglue,PIT,37500
Kalen DeLoach,JAX,37500
Keshawn Banks,ARI,37500
Ovie Oghoufo,LV,37500
Skylar Thompson,MIA,37500
Tyree Jackson,WAS,37500
Zach Evans,NYJ,37500
Ambry Thomas,MIN,33600
Jonathan Harris,MIN,33600
Logan Woodside,CIN,33600
Nik Needham,MIA,33600
Rashaan Evans,ATL,33600
Alex Cook,NYG,25000
Atonio Mafi,IND,25000
Casey Rogers,NYG,25000
Chris Smith,DET,25000
Craig Young,CIN,25000
DaRon Gilbert,DET,25000
Darren Hall,ARI,25000
Deshaun Fenwick,GB,25000
Domenique Davis,CIN,25000
Emory Jones,ATL,25000
Kameron Cline,NYJ,25000
Kyle Baugh,ATL,25000
Leroy Watson,MIN,25000
Matthew Jones,ARI,25000
Maurice Alexander,DET,25000
Michael Tutsie,IND,25000
Michael Tutsie,IND,25000
Neil Farrell Jr.,MIA,25000
Ricky Lee,NYG,25000
Sebastian Gutierrez,SF,25000
Charles Harris,PHI,21300
David Sharpe,NYJ,16800
Jack Anderson,DAL,16800
Joe Gaziano,JAX,16800
Terrell Edmunds,LAC,16800
Tyler Hall,SEA,16800
Aidan Robbins,CLE,12500
Antonio Grier,TB,12500
Cameron Latu,CLE,12500
Gabe Jeudy-Lally,TEN,12500
Garret Greenfield,TB,12500
Hassan Hall,ARI,12500
Jaxon Janke,HOU,12500
Luq Barcoo,DAL,12500
Matthew Wright,TEN,12500
Michael Dowell,SEA,12500
Tariq Castro-Fields,PHI,12500
Tarron Jackson,SF,12500
Tom Kennedy,DET,12500
Zachary Johnson,SF,12500
Joel Wilson,CHI,8
DEF,,52
OFF,,48
OL,,23
DL,,20
SEC,,18
LB,,14
WR,,11
QB,,9
TE,,4
RB,,1
CIN,,8
CHI,,7
ATL,,6
IND,,6
KC,,6
LAR,,5
NYJ,,5
PIT,,5
ARI,,4
BAL,,4
DAL,,4
LAC,,4
WAS,,4
DEN,,3
HOU,,3
LV,,3
NYG,,3
TB,,3
TEN,,3
CAR,,2
DET,,2
GB,,2
MIN,,2
SF,,2
JAX,,1
MIA,,1
NE,,1
SEA,,1
DEF,,52
OFF,,48
OL,,23
DL,,20
SEC,,18
LB,,14
WR,,11
QB,,9
TE,,4
RB,,1
CIN,,8
CHI,,7
ATL,,6
IND,,6
KC,,6
LAR,,5
NYJ,,5
PIT,,5
ARI,,4
BAL,,4
DAL,,4
LAC,,4
WAS,,4
DEN,,3
HOU,,3
LV,,3
NYG,,3
TB,,3
TEN,,3
CAR,,2
DET,,2
GB,,2
MIN,,2
SF,,2
JAX,,1
MIA,,1
NE,,1
SEA,,1
